Mineralogy,Density,Hardness,H,He,Li,Be,B,C,N,O,F,Ne,Na,Mg,Al,Si,P,S,Cl,Ar,K,Ca,Sc,Ti,V,Cr,Mn,Fe,Co,Ni,Cu,Zn,Ga,Ge,As,Se,Br,Kr,Rb,Sr,Y,Zr,Nb,Mo,Tc,Ru,Rh,Pd,Ag,Cd,In,Sn,Sb,Te,I,Xe,Cs,Ba,La,Ce,Pr,Nd,Pm,Sm,Eu,Gd,Tb,Dy,Ho,Er,Tm,Yb,Lu,Hf,Ta,W,Re,Os,Ir,Pt,Au,Hg,Tl,Pb,Bi,Po,At,Rn,Fr,Ra,Ac,Th,Pa,U,Np,Pu,Am,Cm,Bk,Cf,Es,Fm,Md,No,Lr,Rf,Db,Sg,Bh,Hs,Mt,Ds,Rg,Cn,Nh,Fl,Mc,Lv,Ts,Og
Albite,2.62,6.25,,,,,,,,48.66,,,8.3,,10.77,31.5,,,,,,0.76,,,,,,,,,,,,,,,,,,,,,,,,,,,,,,,,,,,,,,,,,,,,,,,,,,,,,,,,,,,,,,,,,,,,,,,,,,,,,,,,,,,,,,,,,,,,,,,,,,
Allanite-La,3.85,5.5,0.18,,,,,,,37.29,,,,0.19,9.29,15,,,,,,9.19,,0.06,,,,10.5,,,,,,,,,,,,,0.02,,,,,,,,,,,,,,,,,,7.17,5.18,2.68,3,,,,,,,,,,,,,,,,,,,,,,,,,,,,,,0.25,,,,,,,,,,,,,,,,,,,,,,,,,,,,
Almandine,4.19,7.5,,,,,,,,42.11,,,,6.12,12.02,18.3,,,,,,2.86,,0.04,,,0.43,18.56,,,,,,,,,,,,,,,,,,,,,,,,,,,,,,,,,,,,,,,,,,,,,,,,,,,,,,,,,,,,,,,,,,,,,,,,,,,,,,,,,,,,,,,,,,,,
Amblygonite,3.04,5.75,0.17,,3.44,,,,,44.91,9.41,,3.8,,17.82,,20.46,,,,,,,,,,,,,,,,,,,,,,,,,,,,,,,,,,,,,,,,,,,,,,,,,,,,,,,,,,,,,,,,,,,,,,,,,,,,,,,,,,,,,,,,,,,,,,,,,,,,,,,
Anhydride,2.97,3.5,,,,,,,,46.81,,,,,,,,23.36,,,,29.4,,,,,,,,,,,,,,,,,,0.52,,,,,,,,,,,,,,,,,,,,,,,,,,,,,,,,,,,,,,,,,,,,,,,,,,,,,,,,,,,,,,,,,,,,,,,,,,,,,,,,
Ankerite,3.05,3.75,,,,,,11.64,,46.51,,,,3.53,,,,,,,,19.42,,,,,2.66,16.24,,,,,,,,,,,,,,,,,,,,,,,,,,,,,,,,,,,,,,,,,,,,,,,,,,,,,,,,,,,,,,,,,,,,,,,,,,,,,,,,,,,,,,,,,,,,
Antigorite,3.75,2.54,1.34,,,,,,,47.88,,,,18.18,,18.68,,,,,,,,,,,,13.93,,,,,,,,,,,,,,,,,,,,,,,,,,,,,,,,,,,,,,,,,,,,,,,,,,,,,,,,,,,,,,,,,,,,,,,,,,,,,,,,,,,,,,,,,,,,
Antimony Telluride,6.43,2.75,,,,,,,,,,,,,,,,,,,,,,,,,,,,,,,,,,,,,,,,,,,,,,,,,,,38.88,61.12,,,,,,,,,,,,,,,,,,,,,,,,,,,,,,,,,,,,,,,,,,,,,,,,,,,,,,,,,,,,,,,,,,
Apatite,3.15,5,0.02,,,,,,,37.77,2.99,,,,,0.02,17.83,0.16,,,,39.08,,,,,,,,,,,,,,,,,,0.24,0.05,,,,,,,,,,,,,,,,,,0.12,0.25,0.04,0.12,,,,,,,,,,,,,,,,,,,,,,,,,,,,,,,,,,,,,,,,,,,,,,,,,,,,,,,,,,
Arsenopyrite,6.07,5.5,,,,,,,,,,,,,,,,19.28,,,,,,,,,,34.16,0.02,,,,,,46.1,,,,,,,,,,,,,,,,,,,,,,,,,,,,,,,,,,,,,,,,,,,,,,,,,,,,,,,,,,,,,,,,,,,,,,,,,,,,,,,,,,,,,
Baddeleyite,5.75,6.5,,,,,,,,25.97,,,,,,,,,,,,,,,,,,,,,,,,,,,,,,,,74.03,,,,,,,,,,,,,,,,,,,,,,,,,,,,,,,,,,,,,,,,,,,,,,,,,,,,,,,,,,,,,,,,,,,,,,,,,,,,,,
Barite,3,4.5,,,,,,,,27.89,,,,,,,,14.1,,,,,,,,,,,,,,,,,,,,,,,,,,,,,,,,,,,,,,,,58.17,,,,,,,,,,,,,,,,,,,,,,,,,,,,,,,,,,,,,,,,,,,,,,,,,,,,,,,,,,,,,,
Benitoite,3.6,6.25,,,,,,,,35.48,,,0.07,,,21.19,,,,,,,,11.45,,,,,,,,,,,,,,,,,,,,,,,,,,,,,,,,,,31.29,,,,,,,,,,,,,,,,,,,,,,,,,,,,,,,,,,,,,,,,,,,,,,,,,,,,,,,,,,,,,,
Beryl,2.76,7.75,,,,5.03,,,,53.58,,,,,10.04,31.35,,,,,,,,,,,,,,,,,,,,,,,,,,,,,,,,,,,,,,,,,,,,,,,,,,,,,,,,,,,,,,,,,,,,,,,,,,,,,,,,,,,,,,,,,,,,,,,,,,,,,,,,
Biotite?,3.1,2.75,0.43,,,,,,,43.57,,,0.08,11.86,8.45,17.91,,,,,8.35,,,0.94,,,0.07,7.8,,,,,,,,,,,,,,,,,,,,,,,,,,,,,,,,,,,,,,,,,,,,,,,,,,,,,,,,,,,,,,,,,,,,,,,,,,,,,,,,,,,,,,,,,,,,
Bismuth Selenide,7.28,2.13,,,,,,,,,,,,,,,,,,,,,,,,,,,,,,,,,,36.17,,,,,,,,,,,,,,,,,,,,,,,,,,,,,,,,,,,,,,,,,,,,,,,,,63.83,,,,,,,,,,,,,,,,,,,,,,,,,,,,,,,,,,,
Bityite,3,5.5,0.52,,1.79,2.33,,,,49.59,,,,,20.91,14.51,,,,,,10.35,,,,,,,,,,,,,,,,,,,,,,,,,,,,,,,,,,,,,,,,,,,,,,,,,,,,,,,,,,,,,,,,,,,,,,,,,,,,,,,,,,,,,,,,,,,,,,,,,,
Boron Nitride,,,,,,,43.6,,56.44,,,,,,,,,,,,,,,,,,,,,,,,,,,,,,,,,,,,,,,,,,,,,,,,,,,,,,,,,,,,,,,,,,,,,,,,,,,,,,,,,,,,,,,,,,,,,,,,,,,,,,,,,,,,,,,
Bustamite,3.37,6,,,,,,,,38.64,,,,0.14,,22.64,,,,,,13.61,,,,,18.7,6.32,,,,0.22,,,,,,,,,,,,,,,,,,,,,,,,,,,,,,,,,,,,,,,,,,,,,,,,,,,,,,,,,,,,,,,,,,,,,,,,,,,,,,,,,,,,,,,,
Bytownite,2.71,6.25,,,,,,,,46.54,,,1.67,,17.66,22.47,,,,,,11.66,,,,,,,,,,,,,,,,,,,,,,,,,,,,,,,,,,,,,,,,,,,,,,,,,,,,,,,,,,,,,,,,,,,,,,,,,,,,,,,,,,,,,,,,,,,,,,,,,,
Bytownite+Chlorite,2.71,6.25,,,,,,,,46.54,,,1.67,,17.66,22.47,,,,,,11.66,,,,,,,,,,,,,,,,,,,,,,,,,,,,,,,,,,,,,,,,,,,,,,,,,,,,,,,,,,,,,,,,,,,,,,,,,,,,,,,,,,,,,,,,,,,,,,,,,,
Calcite,2.71,3,,,,,,11.97,,47.97,,,,,,,,,,,,40.24,,,,,,,,,,,,,,,,,,0.05,,,,,,,,,,,,,,,,,,,,,,,,,,,,,,,,,,,,,,,,,,,,,,,,,,,,,,,,,,,,,,,,,,,,,,,,,,,,,,,,
Cassiterite,6.9,6.5,,,,,,,,21.24,,,,,,,,,,,,,,,,,,,,,,,,,,,,,,,,,,,,,,,,,,78.66,,,,,,,,,,,,,,,,,,,,,,,,,,,,,,,,,,,,,,,,,,,,,,,,,,,,,,,,,,,,,,,,,,,,
Celestite,3.95,3.25,,,,,,,,34.73,,,,,,0.04,,17.38,,,,0.06,,,,,,,,,,,,,,,,,,47.36,,,,,,,,,,,,,,,,,,,,,,,,,,,,,,,,,,,,,,,,,,,,,,,,,,,,,,,,,,,,,,,,,,,,,,,,,,,,,,,,
Chalcopyrite,4.2,3.75,,,,,,,,,,,,,,,,35.14,,,,,,,,,,30.48,,,34.19,,,,,,,,,,,,,,,,,,,,,,,,,,,,,,,,,,,,,,,,,,,,,,,,,,,,,,,,,,,,,,,,,,,,,,,,,,,,,,,,,,,,,,,,,
Chlorite,2.95,2.25,1.54,,,,,,,51.18,,,,20.23,7.87,15.03,,,,,,,,,,1.54,,2.65,,0.17,,,,,,,,,,,,,,,,,,,,,,,,,,,,,,,,,,,,,,,,,,,,,,,,,,,,,,,,,,,,,,,,,,,,,,,,,,,,,,,,,,,,,,,,,,
Chromite,4.79,5.5,,,,,,,,35.2,,,,10.12,12.47,0.06,,,,,,,,0.07,0.09,31.08,,10.04,,0.13,,0.03,,,,,,,,,,,,,,,,,,,,,,,,,,,,,,,,,,,,,,,,,,,,,,,,,,,,,,,,,,,,,,,,,,,,,,,,,,,,,,,,,,,,,,,,
Cinnabar,8.1,2.25,,,,,,,,,,,,,,,,13.5,,,,,,,,,,,,,,,,,,,,,,,,,,,,,,,,,,,,,,,,,,,,,,,,,,,,,,,,,,,,,,,,85.29,,,,,,,,,,,,,,,,,,,,,,,,,,,,,,,,,,,,,,
Cookeite,2.67,2.5,1.54,,1.33,,,,,55.15,,,,,25.84,16.14,,,,,,,,,,,,,,,,,,,,,,,,,,,,,,,,,,,,,,,,,,,,,,,,,,,,,,,,,,,,,,,,,,,,,,,,,,,,,,,,,,,,,,,,,,,,,,,,,,,,,,,,
Crocoite,6,2.75,,,,,,,,19.87,,,,,,0.04,,,,,,,,,,16.11,,,,,,,,,,,,,,,,,,,,,,,,,,,,,,,,,,,,,,,,,,,,,,,,,,,,,,,,,,64.19,,,,,,,,,,,,,,,,,,,,,,,,,,,,,,,,,,,,
Diopside,3.4,6,,,,,,,,44.18,,,0.3,10.71,0.33,25.87,,,,,,17.72,,,,,,0.65,,,,,,,,,,,,,,,,,,,,,,,,,,,,,,,,,,,,,,,,,,,,,,,,,,,,,,,,,,,,,,,,,,,,,,,,,,,,,,,,,,,,,,,,,,,,
Diopside-Hedenbergite,3.475,5.75,,,,,,,,41.435,,,0.15,5.355,0.165,24.19,,,,,,16.935,,,,,,11.645,,,,,,,,,,,,,,,,,,,,,,,,,,,,,,,,,,,,,,,,,,,,,,,,,,,,,,,,,,,,,,,,,,,,,,,,,,,,,,,,,,,,,,,,,,,,
Dolomite,2.84,2.9,,,,,,13.01,,51.97,,,,13.06,,,,,,,,21.72,,,,,,0.11,,,,,,,,,,,,,,,,,,,,,,,,,,,,,,,,,,,,,,,,,,,,,,,,,,,,,,,,,,,,,,,,,,,,,,,,,,,,,,,,,,,,,,,,,,,,
Epidote,3.45,6.5,0.19,,,,,,,40.05,,,,,3.9,16.22,,,,,,15.44,,,,,,24.2,,,,,,,,,,,,,,,,,,,,,,,,,,,,,,,,,,,,,,,,,,,,,,,,,,,,,,,,,,,,,,,,,,,,,,,,,,,,,,,,,,,,,,,,,,,,
Ferrosilite,3.95,5.5,,,,,,,,41.32,,,,10.46,,24.18,,,,,,,,,,,,24.04,,,,,,,,,,,,,,,,,,,,,,,,,,,,,,,,,,,,,,,,,,,,,,,,,,,,,,,,,,,,,,,,,,,,,,,,,,,,,,,,,,,,,,,,,,,,
Fluorite,3.13,4,,,,,,,,,48.67,,,,,,,,,,,51.33,,,,,,,,,,,,,,,,,,,,,,,,,,,,,,,,,,,,,,,,,,,,,,,,,,,,,,,,,,,,,,,,,,,,,,,,,,,,,,,,,,,,,,,,,,,,,,,,,,
Galena,7.58,2.5,,,,,,,,,,,,,,,,13.51,,,,,,,,,,,,,,,,,,,,,,,,,,,,,,,,,,,,,,,,,,,,,,,,,,,,,,,,,,,,,,,,,,86.34,,,,,,,,,,,,,,,,,,,,,,,,,,,,,,,,,,,,
Gallium Arsenide,5.37,5,,,,,,,,,,,,,,,,,,,,,,,,,,,,,,,48.2,,51.8,,,,,,,,,,,,,,,,,,,,,,,,,,,,,,,,,,,,,,,,,,,,,,,,,,,,,,,,,,,,,,,,,,,,,,,,,,,,,,,,,,,,,
Garnet,4.18,7,,,,,,,,38.78,,,,,10.9,17.07,,,,,,,,,,,33.29,,,,,,,,,,,,,,,,,,,,,,,,,,,,,,,,,,,,,,,,,,,,,,,,,,,,,,,,,,,,,,,,,,,,,,,,,,,,,,,,,,,,,,,,,,,,,
Goethite,4.28,5.25,1.13,,,,,,,36.01,,,,,,,,,,,,,,,,,,62.85,,,,,,,,,,,,,,,,,,,,,,,,,,,,,,,,,,,,,,,,,,,,,,,,,,,,,,,,,,,,,,,,,,,,,,,,,,,,,,,,,,,,,,,,,,,,
Hedenbergite,3.55,5.5,,,,,,,,38.69,,,0,0,0,22.51,,,,,,16.15,,,,,,22.64,,,,,,,,,,,,,,,,,,,,,,,,,,,,,,,,,,,,,,,,,,,,,,,,,,,,,,,,,,,,,,,,,,,,,,,,,,,,,,,,,,,,,,,,,,,,
Hematite,5.3,6.5,,,,,,,,30.06,,,,,,,,,,,,,,,,,,69.94,,,,,,,,,,,,,,,,,,,,,,,,,,,,,,,,,,,,,,,,,,,,,,,,,,,,,,,,,,,,,,,,,,,,,,,,,,,,,,,,,,,,,,,,,,,,
Hematite-Goethite,4.79,5.875,,,,,,,,33.035,,,,,,,,,,,,,,,,,,66.395,,,,,,,,,,,,,,,,,,,,,,,,,,,,,,,,,,,,,,,,,,,,,,,,,,,,,,,,,,,,,,,,,,,,,,,,,,,,,,,,,,,,,,,,,,,,
Hornblende,3.23,5.5,0.25,,,,,,,46.76,,,,11.84,5.75,23.94,,,,,,9.76,,,,,,1.7,,,,,,,,,,,,,,,,,,,,,,,,,,,,,,,,,,,,,,,,,,,,,,,,,,,,,,,,,,,,,,,,,,,,,,,,,,,,,,,,,,,,,,,,,,,,
Ilmenite,4.75,5.5,,,,,,,,31.63,,,,,,,,,,,,,,31.56,,,,36.81,,,,,,,,,,,,,,,,,,,,,,,,,,,,,,,,,,,,,,,,,,,,,,,,,,,,,,,,,,,,,,,,,,,,,,,,,,,,,,,,,,,,,,,,,,,,
Jadarite,2.45,4.5,0.48,,3.38,,14.63,,,58.11,,,11.1,,,12.29,,,,,,,,,,,,,,,,,,,,,,,,,,,,,,,,,,,,,,,,,,,,,,,,,,,,,,,,,,,,,,,,,,,,,,,,,,,,,,,,,,,,,,,,,,,,,,,,,,,,,,,,
Jadeite,3.3,6.5,,,,,,,,47.46,,,10.96,0.16,13.25,27.85,,,,,,0.28,,,,,,0.12,,,,,,,,,,,,,,,,,,,,,,,,,,,,,,,,,,,,,,,,,,,,,,,,,,,,,,,,,,,,,,,,,,,,,,,,,,,,,,,,,,,,,,,,,,,,
Kaersutite,3.24,5.5,0.23,,,,,,,43.16,0.14,,1.95,7.64,6.3,19.4,,,,,0.84,8.15,,3.01,,,0.13,8.77,,,,,,,,,,,,,,,,,,,,,,,,,,,,,,,,,,,,,,,,,,,,,,,,,,,,,,,,,,,,,,,,,,,,,,,,,,,,,,,,,,,,,,,,,,,,
Kaolinite,2.63,2,1.56,,,,,,,55.78,,,,,20.9,21.76,,,,,,,,,,,,,,,,,,,,,,,,,,,,,,,,,,,,,,,,,,,,,,,,,,,,,,,,,,,,,,,,,,,,,,,,,,,,,,,,,,,,,,,,,,,,,,,,,,,,,,,,
K-Feldspar,2.56,6,,,,,,,,45.99,,,,,9.69,30.27,,,,,14.05,,,,,,,,,,,,,,,,,,,,,,,,,,,,,,,,,,,,,,,,,,,,,,,,,,,,,,,,,,,,,,,,,,,,,,,,,,,,,,,,,,,,,,,,,,,,,,,,,,,
Labradorite,2.69,7,,,,,,,,46.79,,,3.24,0.06,15.54,24.83,,,,,0.2,8.53,,,,,,0.27,,,,,,,,,,,,,,,,,,,,,,,,,,,,,,,,,,,,,,,,,,,,,,,,,,,,,,,,,,,,,,,,,,,,,,,,,,,,,,,,,,,,,,,,,,,,
Lepidolite,2.84,2.75,0.26,,3.58,,,,,45.32,4.89,,,,6.95,28.93,,,,,10.07,,,,,,,,,,,,,,,,,,,,,,,,,,,,,,,,,,,,,,,,,,,,,,,,,,,,,,,,,,,,,,,,,,,,,,,,,,,,,,,,,,,,,,,,,,,,,,,,,,,
Lizardite,2.57,2.5,1.45,,,,,,,51.96,,,,26.31,,20.27,,,,,,,,,,,,0,,,,,,,,,,,,,,,,,,,,,,,,,,,,,,,,,,,,,,,,,,,,,,,,,,,,,,,,,,,,,,,,,,,,,,,,,,,,,,,,,,,,,,,,,,,,
Lizardite-Antigorite,3.16,2.52,1.395,,,,,,,49.92,,,,22.245,,19.475,,,,,,,,,,,,6.965,,,,,,,,,,,,,,,,,,,,,,,,,,,,,,,,,,,,,,,,,,,,,,,,,,,,,,,,,,,,,,,,,,,,,,,,,,,,,,,,,,,,,,,,,,,,
Magnetite,5.15,6,,,,,,,,27.53,,,,,,0.01,,,,,,,,,,,0.18,71.88,,,,,,,,,,,,,,,,,,,,,,,,,,,,,,,,,,,,,,,,,,,,,,,,,,,,,,,,,,,,,,,,,,,,,,,,,,,,,,,,,,,,,,,,,,,,
Microline,2.56,6,,,,,,,,45.99,,,,,9.69,30.27,,,,,14.05,,,,,,,,,,,,,,,,,,,,,,,,,,,,,,,,,,,,,,,,,,,,,,,,,,,,,,,,,,,,,,,,,,,,,,,,,,,,,,,,,,,,,,,,,,,,,,,,,,,
Monazite,5.15,5.25,,,,,,,,26.3,,,,,,0.8,11.8,,,,,0.64,,,,,,,,,,,,,,,,,,,1.57,,,,,,,,,,,,,,,,,,8.08,21.38,2.54,9.43,,2.76,0.1,2.22,0.35,0.8,,0.13,,,,,,,,,,,,,,0.28,,,,,,,,10.37,,0.18,,,,,,,,,,,,,,,,,,,,,,,,,,
Muscovite,2.82,2.25,0.46,,,,,,,47.35,0.95,,,,20.3,21.13,,,,,9.81,,,,,,,,,,,,,,,,,,,,,,,,,,,,,,,,,,,,,,,,,,,,,,,,,,,,,,,,,,,,,,,,,,,,,,,,,,,,,,,,,,,,,,,,,,,,,,,,,,,
Olivine,3.32,6.75,,,,,,,,43.96,,,,30.26,,19.14,,,,,,,,,,,0.089,6.35,,0.278,,,,,,,,,,,,,,,,,,,,,,,,,,,,,,,,,,,,,,,,,,,,,,,,,,,,,,,,,,,,,,,,,,,,,,,,,,,,,,,,,,,,,,,,,,
Orthoclase,2.56,6,,,,,,,,45.86,,,0.67,,8.85,30.29,,,,,12.85,,,,,,,1.4,,,,,,,,,,,,,,,,,,,,,,,,,,,,,,0.04,,,,,,,,,,,,,,,,,,,,,,,,,,,,,,,,,,,,,,,,,,,,,,,,,,,,,,,,,,,,,,
Pentlandite,4.8,3.75,,,,,,,,,,,,,,,,32.89,,,,,,,,,,30.88,0.43,35.61,,,,,,,,,,,,,,,,,,,,,,,,,,,,,,,,,,,,,,,,,,,,,,,,,,,,,,,,,,,,,,,,,,,,,,,,,,,,,,,,,,,,,,,,,,
Pentlandite+Mg,4.8,3.75,,,,,,,,,,,,,,,,32.89,,,,,,,,,,30.88,0.43,35.61,,,,,,,,,,,,,,,,,,,,,,,,,,,,,,,,,,,,,,,,,,,,,,,,,,,,,,,,,,,,,,,,,,,,,,,,,,,,,,,,,,,,,,,,,,
Periclase,3.78,6,,,,,,,,39.69,,,,60.31,,,,,,,,,,,,,,,,,,,,,,,,,,,,,,,,,,,,,,,,,,,,,,,,,,,,,,,,,,,,,,,,,,,,,,,,,,,,,,,,,,,,,,,,,,,,,,,,,,,,,,,,,,
Petalite,2.42,6.25,,,2.09,,,,,52.43,,,,,8.75,36.72,,,,,,,,,,,,,,,,,,,,,,,,,,,,,,,,,,,,,,,,,,,,,,,,,,,,,,,,,,,,,,,,,,,,,,,,,,,,,,,,,,,,,,,,,,,,,,,,,,,,,,,,
Pigeonite,3.38,6,,,,,,,,43.69,,,,14.93,,25.57,,,,,,1.82,,,,,,13.98,,,,,,,,,,,,,,,,,,,,,,,,,,,,,,,,,,,,,,,,,,,,,,,,,,,,,,,,,,,,,,,,,,,,,,,,,,,,,,,,,,,,,,,,,,,,
Plagioclase,2.69,7,,,,,,,,,,,3.38,,15.88,24.8,,,,,,8.85,,,,,,,,,,,,,,,,,,,,,,,,,,,,,,,,,,,,,,,,,,,,,,,,,,,,,,,,,,,,,,,,,,,,,,,,,,,,,,,,,,,,,,,,,,,,,,,,,,
Pollucite,2.9,6.5,,,0.05,,,,,35.94,,,1.5,,9.06,22.2,,,,,0.05,,,,,,,,,,,,,,,,,,0.17,,,,,,,,,,,,,,,,,,32.3,,,,,,,,,,,,,,,,,,,,,,,,,,,,,,,,,,,,,,,,,,,,,,,,,,,,,,,,,,,,,,,
Prehnite,2.87,6,0.25,,,,,,,44.51,,,,,13.65,21.31,,,,,,20.27,,,,,,,,,,,,,,,,,,,,,,,,,,,,,,,,,,,,,,,,,,,,,,,,,,,,,,,,,,,,,,,,,,,,,,,,,,,,,,,,,,,,,,,,,,,,,,,,,,
Pyrite,5.01,6.25,,,,,,,,,,,,,,,,53.41,,,,,,,,,,46.3,,,,,,,,,,,,,,,,,,,,,,,,,,,,,,,,,,,,,,,,,,,,,,,,,,,,,,,,,,,,,,,,,,,,,,,,,,,,,,,,,,,,,,,,,,,,
Pyrope,3.74,7.5,,,,,,,,44.38,,,,12.27,11.42,19.37,,,,,,3.11,,0.3,,1.41,0.24,6.81,,,,,,,,,,,,,,,,,,,,,,,,,,,,,,,,,,,,,,,,,,,,,,,,,,,,,,,,,,,,,,,,,,,,,,,,,,,,,,,,,,,,,,,,,,,,
Pyrrhotite,4.61,3.75,,,,,,,,,,,,,,,,37.67,,,,,,,,,,62.33,,,,,,,,,,,,,,,,,,,,,,,,,,,,,,,,,,,,,,,,,,,,,,,,,,,,,,,,,,,,,,,,,,,,,,,,,,,,,,,,,,,,,,,,,,,,
Pyrrhotite+Chlorite,4.61,3.75,,,,,,,,,,,,,,,,37.67,,,,,,,,,,62.33,,,,,,,,,,,,,,,,,,,,,,,,,,,,,,,,,,,,,,,,,,,,,,,,,,,,,,,,,,,,,,,,,,,,,,,,,,,,,,,,,,,,,,,,,,,,
Quartz,2.62,7,,,,,,,,46.74,,,,,,53.26,,,,,,,,,,,,,,,,,,,,,,,,,,,,,,,,,,,,,,,,,,,,,,,,,,,,,,,,,,,,,,,,,,,,,,,,,,,,,,,,,,,,,,,,,,,,,,,,,,,,,,,,
Rhodonite,3.6,6,,,,,,,,37.52,,,,1.17,,21.87,,,,,,3.31,,,,,32.76,3.377,,,,,,,,,,,,,,,,,,,,,,,,,,,,,,,,,,,,,,,,,,,,,,,,,,,,,,,,,,,,,,,,,,,,,,,,,,,,,,,,,,,,,,,,,,,,
RTP,,,,,,,,,,32.74,,,,,,,12.67,,,,,,,19.6,,,,,,,,,,,,,,,34.98,,,,,,,,,,,,,,,,,,,,,,,,,,,,,,,,,,,,,,,,,,,,,,,,,,,,,,,,,,,,,,,,,,,,,,,,,,,,,,,,,
Rutile,4.25,6.25,,,,,,,,40.06,,,,,,,,,,,,,,59.94,,,,,,,,,,,,,,,,,,,,,,,,,,,,,,,,,,,,,,,,,,,,,,,,,,,,,,,,,,,,,,,,,,,,,,,,,,,,,,,,,,,,,,,,,,,,,,,,
Sericite,2.82,2.5,,,,,,,,46.2,,,0.45,,18.71,23.91,,,,,10.33,,,,,,,,,,,,,,,,,,,,,,,,,,,,,,,,,,,,,0.39,,,,,,,,,,,,,,,,,,,,,,,,,,,,,,,,,,,,,,,,,,,,,,,,,,,,,,,,,,,,,,
Sphalerite,4.05,3.75,,,,,,,,,,,,,,,,32.91,,,,,,,,,,0.01,,,,67.07,,,,,,,,,,,,,,,,,,,,0.01,,,,,,,,,,,,,,,,,,,,,,,,,,,,,,,,,,,,,,,,,,,,,,,,,,,,,,,,,,,,,,,,,,,,
Spodumene,3.2,6.75,,,3.35,,,,,51.36,,,0.09,,14.44,30.02,,,,,,,,,,,,0.36,,,,,,,,,,,,,,,,,,,,,,,,,,,,,,,,,,,,,,,,,,,,,,,,,,,,,,,,,,,,,,,,,,,,,,,,,,,,,,,,,,,,,,,,,,,,
Stibnite,4.63,2,,,,,,,,,,,,,,,,28.32,,,,,,,,,,,,,,,,,,,,,,,,,,,,,,,,,,,71.68,,,,,,,,,,,,,,,,,,,,,,,,,,,,,,,,,,,,,,,,,,,,,,,,,,,,,,,,,,,,,,,,,,,
Talc,2.75,1,0.53,,,,,,,50.62,,,,19.23,,29.62,,,,,,,,,,,,,,,,,,,,,,,,,,,,,,,,,,,,,,,,,,,,,,,,,,,,,,,,,,,,,,,,,,,,,,,,,,,,,,,,,,,,,,,,,,,,,,,,,,,,,,,,
Thorite,5.35,5,,,,,,,,19.74,,,,,,8.67,,,,,,,,,,,,,,,,,,,,,,,,,,,,,,,,,,,,,,,,,,,,,,,,,,,,,,,,,,,,,,,,,,,,,,,,,,,,71.59,,,,,,,,,,,,,,,,,,,,,,,,,,,,
Titanite,3.48,5.25,,,,,,,,39.64,0.96,,,,2.73,14.2,,,,,,19.25,,18.16,,,,1.41,,,,,,,,,,,,,,,,,,,,,,,,,,,,,,,,,,,,,,,,,,,,,,,,,,,,,,,,,,,,,,,,,,,,,,,,,,,,,,,,,,,,,,,,,,,,
TlBrI,,,,,,,,,,,,,,,,,,,,,,,,,,,,,,,,,,,,,10.77,,,,,,,,,,,,,,,,,,23.63,,,,,,,,,,,,,,,,,,,,,,,,,,,,65.6,,,,,,,,,,,,,,,,,,,,,,,,,,,,,,,,,,,,,
Topaz,3.55,8,0.5,,,,,,,43.02,11.47,,,,29.61,15.41,,,,,,,,,,,,,,,,,,,,,,,,,,,,,,,,,,,,,,,,,,,,,,,,,,,,,,,,,,,,,,,,,,,,,,,,,,,,,,,,,,,,,,,,,,,,,,,,,,,,,,,,
Tourmaline,3.05,7.25,,,,,,,,,,,,,,,,,,,,,,,,,,,,,,,,,,,,,,,,,,,,,,,,,,,,,,,,,,,,,,,,,,,,,,,,,,,,,,,,,,,,,,,,,,,,,,,,,,,,,,,,,,,,,,,,,,,,,,
Tugtupite,2.36,4,,,,1.93,,,,41.05,,,19.66,,5.77,24.02,,,7.58,,,,,,,,,,,,,,,,,,,,,,,,,,,,,,,,,,,,,,,,,,,,,,,,,,,,,,,,,,,,,,,,,,,,,,,,,,,,,,,,,,,,,,,,,,,,,,,,,,,,,
Willemite,4.05,5.5,,,,,,,,29.42,,,,,,13.23,,,,,,,,,,,4.61,0.02,,,,53.12,,,,,,,,,,,,,,,,,,,,,,,,,,,,,,,,,,,,,,,,,,,,,,,,,,,,,,,,,,,,,,,,,,,,,,,,,,,,,,,,,,,,,,,,
Xenotime Y,4.75,4.5,,,,,,,,34.8,,,,,,,16.84,,,,,,,,,,,,,,,,,,,,,,,,48.35,,,,,,,,,,,,,,,,,,,,,,,,,,,,,,,,,,,,,,,,,,,,,,,,,,,,,,,,,,,,,,,,,,,,,,,,,,,,,,,
Xenotime Yb,4.75,4.5,,,,,,,,23.88,,,,,,,11.56,,,,,,,,,,,,,,,,,,,,,,,,,,,,,,,,,,,,,,,,,,,,,,,,,,,,,,,64.56,,,,,,,,,,,,,,,,,,,,,,,,,,,,,,,,,,,,,,,,,,,,,,,,
Yttrium Garnet,4.56,8.5,,,,,,,,32.34,,,,,22.73,,,,,,,,,,,,,,,,,,,,,,,,,,44.93,,,,,,,,,,,,,,,,,,,,,,,,,,,,,,,,,,,,,,,,,,,,,,,,,,,,,,,,,,,,,,,,,,,,,,,,,,,,,,,
Zinnwaldite,3,3.75,0.12,,1.59,,,,,38.43,6.52,,,,12.35,19.28,,,,,8.94,,,,,,,12.78,,,,,,,,,,,,,,,,,,,,,,,,,,,,,,,,,,,,,,,,,,,,,,,,,,,,,,,,,,,,,,,,,,,,,,,,,,,,,,,,,,,,,,,,,,,,
Zircon,4.65,7.5,,,,,,,,33.63,,,,,,14.76,,,,,,,,,,,,,,,,,,,,,,,,,,43.14,,,,,,,,,,,,,,,,,,,,,,,,,,,,,,,,4.69,,,,,,,,,,,,,,,,,,,,,,,,,,,,,,,,,,,,,,,,,,,,,,
